Potential (V),Current (A)
-1.506541491,-0.041902222
-1.503781199,-0.0420065
-1.500100732,-0.042012636
-1.497033596,-0.041963562
-1.49458003,-0.041889951
-1.490899563,-0.04179794
-1.487832427,-0.041712061
-1.485072136,-0.041601647
-1.482005,-0.041478965
-1.479244709,-0.041436028
-1.476177573,-0.041313343
-1.472803831,-0.041202929
-1.469430089,-0.041086383
-1.466362953,-0.040975966
-1.462989211,-0.040853284
-1.460535645,-0.040718332
-1.457161784,-0.040577248
-1.454094768,-0.040448431
-1.451027751,-0.040313482
-1.44765389,-0.04017853
-1.444893599,-0.040068116
-1.442133188,-0.039945435
-1.438759446,-0.03982275
-1.43569243,-0.039693933
-1.432318568,-0.039552849
-1.429865003,-0.039454702
-1.426491141,-0.039289083
-1.423424125,-0.039166398
-1.420357108,-0.03903145
-1.417596698,-0.038939439
-1.414222956,-0.038822889
-1.41115582,-0.038712475
-1.407782078,-0.038583659
-1.405328393,-0.038479377
-1.401954651,-0.038375098
-1.398887634,-0.038295355
-1.395820498,-0.03820334
-1.392753482,-0.038074523
-1.389686465,-0.037964109
-1.386312604,-0.037841428
-1.383245587,-0.037718747
-1.380485296,-0.037602197
-1.377111435,-0.037473381
-1.374044418,-0.037356831
-1.370977283,-0.03726482
-1.367910266,-0.037148271
-1.364536524,-0.037025589
-1.361776114,-0.03690904
-1.358709097,-0.036823165
-1.35564208,-0.03670048
-1.352574944,-0.036608469
-1.35012126,-0.036516458
-1.346440792,-0.036430579
-1.34306705,-0.0363263
-1.340306759,-0.036222018
-1.336932898,-0.03608707
-1.334172606,-0.036007326
-1.330798864,-0.035890777
-1.327731729,-0.035786495
-1.324971437,-0.035706751
-1.321904302,-0.035577934
-1.318837285,-0.035485923
-1.315463543,-0.035387777
-1.312396407,-0.035295766
-1.309636116,-0.035197619
-1.30656898,-0.035093341
-1.302888513,-0.034982923
-1.300128222,-0.03490318
-1.29675436,-0.034798902
-1.293994069,-0.034713022
-1.291233659,-0.034608744
-1.287553191,-0.034516733
-1.2847929,-0.034449257
-1.281419039,-0.034332708
-1.278658748,-0.034246828
-1.27497828,-0.034154817
-1.27221787,-0.034062807
-1.269150853,-0.03396466
-1.266083717,-0.033872649
-1.262709975,-0.033762235
-1.26025641,-0.033651821
-1.256882548,-0.033523005
-1.253815532,-0.033424858
-1.251361847,-0.033332843
-1.247681379,-0.033265371
-1.244614363,-0.033161089
-1.241547227,-0.033081345
-1.238173485,-0.032989334
-1.2357198,-0.03287892
-1.232346058,-0.032786909
-1.228972316,-0.032694895
-1.226211905,-0.032609019
-1.223451614,-0.032510873
-1.220384479,-0.032418862
-1.216704011,-0.032320715
-1.213636994,-0.032222569
-1.210569978,-0.03213669
-1.207502842,-0.032032412
-1.204435825,-0.031946532
-1.20136869,-0.031848386
-1.198301673,-0.031762507
-1.195541263,-0.031664364
-1.192474246,-0.031572349
-1.189100504,-0.031480338
-1.185726762,-0.031388327
-1.182659626,-0.031284045
-1.180512667,-0.031198168
-1.176832199,-0.031100024
-1.173765182,-0.031008011
-1.170698047,-0.030909864
-1.167324305,-0.030817853
-1.164257288,-0.030731976
-1.161496878,-0.03063383
-1.158429861,-0.030535683
-1.155056119,-0.030449806
-1.152295709,-0.030363929
-1.148921967,-0.030265782
-1.145548224,-0.030173769
-1.14309454,-0.030087892
-1.140027523,-0.029983612
-1.136653662,-0.029897735
-1.13327992,-0.029805722
-1.130826235,-0.029707575
-1.127145767,-0.029627832
-1.124078751,-0.029535821
-1.12131834,-0.029443808
-1.117944598,-0.029351797
-1.114877582,-0.029272053
-1.112117171,-0.029173907
-1.10935688,-0.02908803
-1.105676413,-0.028989883
-1.102609277,-0.028879469
-1.09954226,-0.028793592
-1.096475124,-0.028707713
-1.094021559,-0.028615702
-1.090034366,-0.028517555
-1.087580681,-0.028407142
-1.084206939,-0.028302861
-1.081139803,-0.028192447
-1.078379512,-0.028088167
-1.074699044,-0.027983887
-1.071938634,-0.027885741
-1.068871617,-0.02778146
-1.065497875,-0.027695583
-1.062737465,-0.027597437
-1.059363723,-0.027480887
-1.056296587,-0.027376607
-1.054149747,-0.027296863
-1.050162554,-0.027198719
-1.047095418,-0.027088303
-1.043721676,-0.026984023
-1.040961266,-0.026867475
-1.037894249,-0.026799999
-1.035133839,-0.026720256
-1.031453371,-0.026609842
-1.02869308,-0.026517831
-1.025319338,-0.026425818
-1.022865653,-0.026321538
-1.019491911,-0.026223391
-1.016731501,-0.02613138
-1.013051033,-0.026045503
-1.009984016,-0.025959624
-1.006916881,-0.02584921
-1.00415659,-0.025732663
-1.001089454,-0.025659053
-0.997715712,-0.02556704
-0.994648635,-0.025475029
-0.991274893,-0.025364615
-0.988514543,-0.025278736
-0.985447466,-0.025180591
-0.98238039,-0.025057908
-0.979313374,-0.024984298
-0.976246297,-0.024873884
-0.972872496,-0.024763471
-0.97041887,-0.024665324
-0.966738403,-0.024591714
-0.963978052,-0.024475167
-0.96060425,-0.024389287
-0.9578439,-0.024278874
-0.954470158,-0.02416846
-0.951709747,-0.02405191
-0.948949397,-0.023935363
-0.945268929,-0.023867887
-0.942508578,-0.023794279
-0.939748228,-0.023708399
-0.936374485,-0.023628656
-0.933307409,-0.023536645
-0.929933608,-0.023438498
-0.926559865,-0.023334218
-0.924106181,-0.023217671
-0.921039164,-0.023101121
-0.917972088,-0.023045914
-0.914905012,-0.022941634
-0.91153127,-0.02287416
-0.908464193,-0.02276988
-0.905397117,-0.022684
-0.902023375,-0.022598123
-0.899262965,-0.022487709
-0.896195948,-0.022395696
-0.893128872,-0.022291416
-0.890061796,-0.022205539
-0.886381328,-0.022101259
-0.883620977,-0.021984711
-0.880553901,-0.021862028
-0.878100276,-0.021745479
-0.874419749,-0.021684138
-0.871046007,-0.021592127
-0.86797893,-0.021500114
-0.86521858,-0.021401968
-0.862458229,-0.021297688
-0.859084487,-0.021205677
-0.856017411,-0.02110753
-0.852643609,-0.021015519
-0.850496709,-0.020905104
-0.846816182,-0.020806959
-0.843749166,-0.020696543
-0.840988755,-0.0206168
-0.837615013,-0.020524789
-0.834241271,-0.020426642
-0.831174195,-0.020328496
-0.828107119,-0.020248752
-0.824733377,-0.020162875
-0.821972966,-0.020064728
-0.819212615,-0.019978851
-0.816145599,-0.019880705
-0.812771797,-0.019782558
-0.809704721,-0.019666011
-0.80694437,-0.019555597
-0.802957177,-0.019445183
-0.800196826,-0.019340903
-0.796823084,-0.01924889
-0.794982851,-0.019132342
-0.790382266,-0.019046463
-0.788235307,-0.018985122
-0.785781622,-0.018905379
-0.782101154,-0.018807232
-0.778727412,-0.018721355
-0.775660336,-0.018610941
-0.773206711,-0.018525062
-0.769526184,-0.018433051
-0.766459167,-0.018328771
-0.763085365,-0.018206088
-0.760325015,-0.018107943
-0.757257938,-0.01801593
-0.754497588,-0.017942321
-0.751430511,-0.017862577
-0.748363495,-0.017758297
-0.744682968,-0.017654017
-0.741922617,-0.017568139
-0.7388556,-0.017427055
-0.735481799,-0.017335042
-0.732414722,-0.01724303
-0.729654372,-0.017163286
-0.726587296,-0.017083542
-0.723520279,-0.016985398
-0.720453203,-0.016899519
-0.717386127,-0.016782971
-0.713705659,-0.016703228
-0.710945308,-0.016598947
-0.708184958,-0.016519204
-0.705117881,-0.016421057
-0.702050805,-0.016322911
-0.698677063,-0.016224766
-0.695609987,-0.016138887
-0.692542911,-0.016046876
-0.68978256,-0.015942596
-0.686102092,-0.015844449
-0.683341742,-0.015746303
-0.680274665,-0.015648158
-0.677514315,-0.015556145
-0.673833847,-0.015464134
-0.671380162,-0.015359853
-0.667699695,-0.015237171
-0.664632618,-0.015145159
-0.661872268,-0.015059281
-0.658805192,-0.014961136
-0.655738175,-0.014850721
-0.652364373,-0.014746441
-0.649604023,-0.014636027
-0.64623028,-0.014544015
-0.643163204,-0.014439735
-0.640096128,-0.014335454
-0.637029052,-0.014249576
-0.633961976,-0.014145296
-0.631201625,-0.014047151
-0.628748,-0.013974768
-0.625987649,-0.013846564
-0.622613847,-0.013729403
-0.619546831,-0.013625123
-0.616173029,-0.01352575
-0.613412678,-0.013412882
-0.610652328,-0.013321484
-0.60697186,-0.013211682
-0.604518175,-0.013103108
-0.600837708,-0.012996375
-0.597770631,-0.012922152
-0.595010281,-0.012838728
-0.591943264,-0.012749783
-0.588569462,-0.01265225
-0.585502386,-0.012557784
-0.582435369,-0.012462092
-0.579368293,-0.012357811
-0.576301217,-0.012270708
-0.572927415,-0.012173175
-0.569860399,-0.012072575
-0.566793323,-0.011977496
-0.564032972,-0.011884871
-0.560965896,-0.011791019
-0.557592154,-0.01169962
-0.554525077,-0.011610676
-0.551458001,-0.011516823
-0.54869765,-0.011430332
-0.545323849,-0.011344454
-0.542256832,-0.01125735
-0.539189756,-0.011180673
-0.53612268,-0.011113198
-0.533055604,-0.011035907
-0.529681861,-0.010958618
-0.526921511,-0.010877647
-0.522934318,-0.010807104
-0.520787358,-0.010731041
-0.517413616,-0.010661726
-0.51434654,-0.010583209
-0.510972738,-0.010508986
-0.507905722,-0.010432923
-0.504838645,-0.010371582
-0.501771569,-0.010299199
-0.498704523,-0.010229884
-0.495944142,-0.010166702
-0.49257037,-0.010094932
-0.48981002,-0.010028684
-0.486436248,-0.009957528
-0.483062476,-0.009893733
-0.47999543,-0.009818897
-0.477235079,-0.009766144
-0.473861307,-0.00969376
-0.470794231,-0.009620151
-0.46803388,-0.009558196
-0.464966804,-0.0094852
-0.461593032,-0.009427539
-0.458525985,-0.009354543
-0.455765635,-0.009282774
-0.45331198,-0.009210391
-0.449938208,-0.009142303
-0.446564436,-0.009048451
-0.44349736,-0.008965027
-0.440123588,-0.008908592
-0.437056541,-0.008827008
-0.433989465,-0.00876444
-0.430922419,-0.00868531
-0.427855343,-0.008612314
-0.425094992,-0.008541771
-0.42172122,-0.008481043
-0.418654144,-0.008419089
-0.415280372,-0.00835284
-0.412213326,-0.008286592
-0.408839554,-0.008210529
-0.406385899,-0.00814428
-0.402705431,-0.008069444
-0.399638355,-0.007997061
-0.397491425,-0.007930199
-0.394117653,-0.007851069
-0.390743881,-0.00778482
-0.38737011,-0.007710597
-0.384303033,-0.007640668
-0.381235987,-0.007564605
-0.378168911,-0.007494063
-0.375715256,-0.007420453
-0.371728092,-0.007350524
-0.368967742,-0.007276915
-0.365900666,-0.007201465
-0.362220198,-0.007126628
-0.360073239,-0.007051792
-0.356699467,-0.00697941
-0.35363242,-0.006900279
-0.350565344,-0.006826056
-0.346884876,-0.00675122
-0.344124526,-0.006675157
-0.341364145,-0.006595413
-0.337990373,-0.00651751
-0.334923327,-0.006445127
-0.331856251,-0.006362316
-0.3290959,-0.006284413
-0.326028854,-0.00620651
-0.322655082,-0.006123699
-0.31928131,-0.006048862
-0.316520929,-0.005968506
-0.313453883,-0.005891216
-0.310080111,-0.005812699
-0.306706339,-0.005738476
-0.303945988,-0.005653211
-0.300572217,-0.005575308
-0.29750514,-0.005499245
-0.29474479,-0.005414593
-0.291984439,-0.005338531
-0.288610667,-0.005255106
-0.285543591,-0.005174136
-0.28278324,-0.005095006
-0.279409468,-0.005017102
-0.276342422,-0.004932452
-0.273275346,-0.004849641
-0.270208299,-0.004769897
-0.267447919,-0.004684633
-0.264074147,-0.004605502
-0.260700375,-0.004518398
-0.257940024,-0.004436814
-0.254566252,-0.00435523
-0.251499206,-0.004273033
-0.24843213,-0.004186542
-0.245058373,-0.004101891
-0.242604718,-0.004017239
-0.239537656,-0.003932589
-0.235550463,-0.003849165
-0.232790112,-0.003758993
-0.230029762,-0.003672502
-0.226962686,-0.003590304
-0.223895624,-0.003498293
-0.220521852,-0.003413028
-0.218068212,-0.003324083
-0.21469444,-0.003240046
-0.211934075,-0.003154168
-0.208560318,-0.00306645
-0.205799952,-0.002971371
-0.202119485,-0.002881813
-0.198745713,-0.002792868
-0.195985347,-0.002697176
-0.193224996,-0.002605164
-0.189851224,-0.002515605
-0.187090874,-0.0024193
-0.183717102,-0.002324221
-0.180650041,-0.002230982
-0.177889675,-0.002131609
-0.173902497,-0.002038984
-0.171142131,-0.001943905
-0.167461663,-0.001843918
-0.165314719,-0.00175252
-0.161940947,-0.00165192
-0.159180596,-0.001556228
-0.155500114,-0.001454401
-0.152433053,-0.001357482
-0.149365991,-0.001250994
-0.14629893,-0.001155486
-0.143231854,-0.001055008
-0.140471503,-0.000953857
-0.137097731,-0.000854361
-0.13403067,-0.000749529
-0.130963609,-0.000647641
-0.127896547,-0.000546673
-0.124829479,-0.000435278
-0.121762417,-0.000330936
-0.118388645,-0.000218375
-0.115014881,-0.000110844
-0.112561226,5.86E-06
-0.109800868,2.01E-05
-0.106427103,0.000201003
-0.103053331,0.000353571
-0.100292973,0.00047699
-0.096612498,0.000605132
-0.093545437,0.000736095
-0.090785079,0.000867672
-0.08771801,0.001004893
-0.084344245,0.001149106
-0.08189059,0.001300251
-0.078823529,0.001456548
-0.075756468,0.001615177
-0.072689399,0.001779081
-0.069315635,0.001944089
-0.065941863,0.002108913
-0.062568091,0.002286803
-0.059807736,0.002449357
-0.056433968,0.002614365
-0.05367361,0.002778146
-0.051219959,0.002933953
-0.047846191,0.003089146
-0.044472419,0.003230231
-0.041712061,0.003368862
-0.038031586,0.003500133
-0.035271227,0.003633857
-0.032204166,0.003751019
-0.029137103,0.003879835
-0.025763333,0.003999451
-0.023616388,0.00411784
-0.019629207,0.004232548
-0.017175555,0.004338668
-0.013495079,0.004450922
-0.010734722,0.004557656
-0.007360952,0.004677885
-0.004293889,0.004784619
-0.001533532,0.004896874
0.001533532,0.00500054
0.004293889,0.005110954
0.007974365,0.005220142
0.010734722,0.005323809
0.014108492,0.005434836
0.017175555,0.005544024
0.020549325,0.005653825
0.023309682,0.005753198
0.026683452,0.0058722
0.029443808,0.005982614
0.032510873,0.006094255
0.035884641,0.00620651
0.038951706,0.006315697
0.042325474,0.006424884
0.044779126,0.006529165
0.048152894,0.006648167
0.051526666,0.006759194
0.053980317,0.006872062
0.057047378,0.006984317
0.06042115,0.007099638
0.063488215,0.007211893
0.06686198,0.007324148
0.069315635,0.00744315
0.072075993,0.00755111
0.075756468,0.007664592
0.078823529,0.007775006
0.082197301,0.0078891
0.084957659,0.008009329
0.088331424,0.008124038
0.091091782,0.008239359
0.094772257,0.008352228
0.097839326,0.008469389
0.09998627,0.008573055
0.103973448,0.008695738
0.10704051,0.008809833
0.109494165,0.008925155
0.112561226,0.009047837
0.115628287,0.009164385
0.119002059,0.009277867
0.12206912,0.009399323
0.125136182,0.009517098
0.127896547,0.009628739
0.130963609,0.009755102
0.134644076,0.009875331
0.137404442,0.009994333
0.140778214,0.010120695
0.143845275,0.010243379
0.147219047,0.010366675
0.149979398,0.01048997
0.153046459,0.0106102
0.15611352,0.010731041
0.158873886,0.010862925
0.162247658,0.010986835
0.164701298,0.01110829
0.16807507,0.011242014
0.171448842,0.011368377
0.174515903,0.011505168
0.177582964,0.011634598
0.180956736,0.011757894
0.184023798,0.011888552
0.187090874,0.012011234
0.189851224,0.012145571
0.193531707,0.012281136
0.195985347,0.012426514
0.199359119,0.012552877
0.202732891,0.012697029
0.205493242,0.012825232
0.208253607,0.012956503
0.211627379,0.01309084
0.21469444,0.013225791
0.217761502,0.013364422
0.220828563,0.013504894
0.224202335,0.013642298
0.226962686,0.01378645
0.230336457,0.013921401
0.233403519,0.014058805
0.236470595,0.014199276
0.239537656,0.014340975
0.242911428,0.014473472
0.24597849,0.014619464
0.24843213,0.014761163
0.252112597,0.014902861
0.254872978,0.015054374
0.257940024,0.015195459
0.260700375,0.015337771
0.263460755,0.015473335
0.267447919,0.01562178
0.270208299,0.015764706
0.27296865,0.0159199
0.276342422,0.016073866
0.280022889,0.016226606
0.28278324,0.016378118
0.285236895,0.016534539
0.288610667,0.016691573
0.291984439,0.01684738
0.29474479,0.017003799
0.297811866,0.017152859
0.301185638,0.017329521
0.304252684,0.017490236
0.30731976,0.017671807
0.310386807,0.017844789
0.313760579,0.018007342
0.316520929,0.018184619
0.318361193,0.018138614
0.321428239,0.018347174
0.32418859,0.018555734
0.327562362,0.018739758
0.330936134,0.018917646
0.333696485,0.019120073
0.336763561,0.0193225
0.340137333,0.019524926
0.342590988,0.019696681
0.346271455,0.019899108
0.349338531,0.020076998
0.352405578,0.020279422
0.355165929,0.020475715
0.358539701,0.020672007
0.361300081,0.020886702
0.364367127,0.021101397
0.367740899,0.021291554
0.370807976,0.021500114
0.373875022,0.021690272
0.377248794,0.021880431
0.379702449,0.022082856
0.383076221,0.022297552
0.386449993,0.02251838
0.389210343,0.022720806
0.39227742,0.0229355
0.395957887,0.023137927
0.398411542,0.023334218
0.401478589,0.023548912
0.404545665,0.023745205
0.40699932,0.023941496
0.410679787,0.024150057
0.413746864,0.024364751
0.417120636,0.024591714
0.419880986,0.024800275
0.422334641,0.025008835
0.425708413,0.025192859
0.429082155,0.025395285
0.432149231,0.025591576
0.435216308,0.025806271
0.437976658,0.026020966
0.440737009,0.026235661
0.444724202,0.026438087
0.447484553,0.026628245
0.450244904,0.026836805
0.453618675,0.027051499
0.456992447,0.027253926
0.459446102,0.027456352
0.462513149,0.027652644
0.465886921,0.027867338
0.468953997,0.028075898
0.471407652,0.028272191
0.474781424,0.028474616
0.478155196,0.028689312
0.481222242,0.028873336
0.483982593,0.02908803
0.487356365,0.029284321
0.490423441,0.029486747
0.493797213,0.029676905
0.496557564,0.029885465
0.49962464,0.030069489
0.502078295,0.030271916
0.505452037,0.030443672
0.508519113,0.030627696
0.511279464,0.030830121
0.514959931,0.030995743
0.518640399,0.031185901
0.520787358,0.03134539
0.523547709,0.031523276
0.526921511,0.031688899
0.529988527,0.031866789
0.533362329,0.032026276
0.536429405,0.032191899
0.539189756,0.032357518
0.542256832,0.032510873
0.5459373,0.03267036
0.549004376,0.032805309
0.551764727,0.03299547
0.554831743,0.033154957
0.557898819,0.033289906
0.560965896,0.03343099
0.564032972,0.033565942
0.567100048,0.033700891
0.569553673,0.033805173
0.572927415,0.033970796
0.576301217,0.034099612
0.579061568,0.034234561
0.582128644,0.034363378
0.585502386,0.034486059
0.588262737,0.034602609
0.591636539,0.034713022
0.594090164,0.034817304
0.598077357,0.034909315
0.601144433,0.035031997
0.603598058,0.035142414
0.607278526,0.035271227
0.609732211,0.035381645
0.613719404,0.035479788
0.616173029,0.035547264
0.619546831,0.035663813
0.622920573,0.035755824
0.625374198,0.035841703
0.628441274,0.035933714
0.631815076,0.036001191
0.634575427,0.03611774
0.637949169,0.036209751
0.64132297,0.036301762
0.644083321,0.036412176
0.647150397,0.036461249
0.650524139,0.036534861
0.65328449,0.036620736
0.656351566,0.036675945
0.659725308,0.036749553
0.662178993,0.036823165
0.665859461,0.036884505
0.668619812,0.036976516
0.671993613,0.037043992
0.67506063,0.037105333
0.67782104,0.037185077
0.680888057,0.037252553
0.683955133,0.037283223
0.686715484,0.037375234
0.690395951,0.037430443
0.693769753,0.037454978
0.696223378,0.037553124
0.69959718,0.037614465
0.702970922,0.037688076
0.705731273,0.037743282
0.708798349,0.037780087
0.712172151,0.037773952
0.714932501,0.037859831
0.718306243,0.037921172
0.72137332,0.037988648
0.724440396,0.038068391
0.727200747,0.038148135
0.730881214,0.038197208
0.733641565,0.038258549
0.73609519,0.038301487
0.739775717,0.038332157
0.743149459,0.038405769
0.74590981,0.038479377
0.749283612,0.038577523
0.752350628,0.038669534
0.755417705,0.038755413
0.758484781,0.038822889
0.761858523,0.03888423
0.764618933,0.038951706
0.767992675,0.039013047
0.771059752,0.039123461
0.773513377,0.039227743
0.776580453,0.039368827
0.779954195,0.03944857
0.783021271,0.039552849
0.786395073,0.039650995
0.789155424,0.039761409
0.792835891,0.039890226
0.794982851,0.04000064
0.798356593,0.040129457
0.80203706,0.040270541
0.804490745,0.040442299
0.807864487,0.040571116
0.810624838,0.040749006
0.81399864,0.04092076
0.817065716,0.041061845
0.819826066,0.041239735
0.822893083,0.041405357
0.826266885,0.041583244
0.829027236,0.041755002
0.832400978,0.041951295
0.835774779,0.042141452
0.837921739,0.04236228
0.841295481,0.042570841
0.844362557,0.042773265
0.847429633,0.042975694
0.850803375,0.04315358
0.853563726,0.043362141
0.856630802,0.043576837
0.859084487,0.0438038
0.863378346,0.044036895
0.865525305,0.044288397
0.869512498,0.044521492
0.872272849,0.04474232
0.875339866,0.044993822
0.87779355,0.045196246
0.881167293,0.045447744
0.884541094,0.045693111
0.888221562,0.045926206
0.890675187,0.04621451
0.894048989,0.046502814
0.896195948,0.046803389
0.899876416,0.047128495
0.903250158,0.047441337
0.906317234,0.047778714
0.908157468,0.048152894
0.91153127,0.048520941
0.914905012,0.048913527
0.917972088,0.049324512
0.921039164,0.04972323
0.923799515,0.050109681
0.926559865,0.050526801
0.929933608,0.050943922
0.933000684,0.051379446
0.93606776,0.05184564
0.938828111,0.052299567
0.941588461,0.052759625
0.945268929,0.053238086
0.94802928,0.053692013
0.951403081,0.054176606
0.954470158,0.054655071
0.957230508,0.055139665
0.96060425,0.055636529
0.963364601,0.056133393
0.966431677,0.056654796
0.969192028,0.057163928
0.972872496,0.057697598
0.97532618,0.058225133
0.977779806,0.058752667
0.981460273,0.059274066
0.984527349,0.059807736
0.987594426,0.060372077
0.990354776,0.060918014
0.993115127,0.061463952
0.996182203,0.062028289
0.998942554,0.062604897
1.002316356,0.063181505
1.005076647,0.063758112
1.008450389,0.064346991
1.011210799,0.064942002
1.014277816,0.065524742
1.017344952,0.066089079
1.020105243,0.066702493
1.02378571,0.067328177
1.02593267,0.067966126
1.029613137,0.068610206
1.032373548,0.069242023
1.035133839,0.069861569
1.038200974,0.070474982
1.041267991,0.071106799
1.044641852,0.071726345
1.047095418,0.072388828
1.050162554,0.073045179
1.05322957,0.073726073
1.056603312,0.074382424
1.059056997,0.075032637
1.062430739,0.075670585
1.068258166,0.076977156
1.071325302,0.077639639
1.074699044,0.078338936
1.07715261,0.079025954
1.080219746,0.079749785
1.083286762,0.080461338
1.086047173,0.081136093
1.089420915,0.081798583
1.092181325,0.082473338
1.095248342,0.083172627
1.097702026,0.083847381
1.101075768,0.084577337
1.103529453,0.085264362
1.106903195,0.085969791
1.109970212,0.086687483
1.113037348,0.087399036
1.115797639,0.088116735
1.119171381,0.088828288
1.121625066,0.089539848
1.124692202,0.09025754
1.127759218,0.090962969
1.130826235,0.091686793
1.133586645,0.092404485
1.136960387,0.093146719
1.139414072,0.093882814
1.14309454,0.09461277
1.145854831,0.095355004
1.148308516,0.096072696
1.151682258,0.096814923
1.154442668,0.097544886
1.157509685,0.098280981
1.16057682,0.09902934
1.163337111,0.099777706
1.166097522,0.100532204
1.169777989,0.101298973
1.17253828,0.1020412
1.175605416,0.102703683
1.178672433,0.103537925
1.181126118,0.104347631
1.184193134,0.105169602
1.187566996,0.106016114
1.190327287,0.106844224
1.193394423,0.107623257
1.196461439,0.108408421
1.199835181,0.10917519
1.201982141,0.109960355
1.204742551,0.110727124
1.207809567,0.111500025
1.211490035,0.112315863
1.214250445,0.113107167
1.217010736,0.113898464
1.219771147,0.114695907
1.223144889,0.115462668
1.225905299,0.116266236
1.22866559,0.117069811
1.231732607,0.117854975
1.237560034,0.11948052
1.241240501,0.120290227
1.243387461,0.121118337
1.247681379,0.121964842
1.249521613,0.122799084
1.252588749,0.12360879
1.255962491,0.1244369
1.258722782,0.125277266
1.260869741,0.126117647
1.264243484,0.126945749
1.267310619,0.12777999
1.27007091,0.128632635
1.273138046,0.129479155
1.276205063,0.130307257
1.279272199,0.131178305
1.281725764,0.132030949
1.285099506,0.13291426
1.288166642,0.133766904
1.290926933,0.134668618
1.293994069,0.135551929
1.297061086,0.136472046
1.299514771,0.137275621
1.303195238,0.138066933
1.305955648,0.138790756
1.309022665,0.139447108
1.311783075,0.139993042
1.314543366,0.14050217
1.317917109,0.140943825
1.320677519,0.141207606
1.324357986,0.141219869
1.327425003,0.140833423
1.330798864,0.139753804
1.334172606,0.137594596
1.337239623,0.134294435
1.340920091,0.130656898
1.345214009,0.126577705
1.348587751,0.121707208
1.35288167,0.117125019
1.356868863,0.111825131
1.360856056,0.107807279
1.364229798,0.104813822
1.368523717,0.101010665
1.371590734,0.099035479
1.374964476,0.096532755
1.377724886,0.094508491
1.381098628,0.093103774
1.383552313,0.089539848
1.380178571,0.086687483
1.378338337,0.084019132
1.375271201,0.081522547
1.372204185,0.077885009
1.3697505,0.075781003
1.365763307,0.077596702
1.364229798,0.072805949
1.360549331,0.075480431
1.358095646,0.072272278
1.352268219,0.071579129
1.349814653,0.070131473
1.346440792,0.068800367
1.34306705,0.066984668
1.340306759,0.068002932
1.336626172,0.072106659
1.33325243,0.072658733
1.330185413,0.071511649
1.327118278,0.072284549
1.324971437,0.07116814
1.322211027,0.065825313
1.316997051,0.077167317
1.314850092,0.073615655
1.31147635,0.074382424
1.308409214,0.072977707
1.305342197,0.07194104
1.302275062,0.072867289
1.298594594,0.074179992
1.295527577,0.074781142
1.293073893,0.073063582
1.290620327,0.071076125
1.286939859,0.073591121
1.283565998,0.072566718
1.281112432,0.071842894
1.278045297,0.071689539
1.273751378,0.073492974
1.271604538,0.071039319
1.267923951,0.072536051
1.265470386,0.069763422
1.262096643,0.069775693
1.259029508,0.071671136
1.256269217,0.070609935
1.253202081,0.068923049
1.250135064,0.06592346
1.247067928,0.068947583
1.244307637,0.068597943
1.241547227,0.066960126
1.23848021,0.065647423
1.235106468,0.066806778
1.232039332,0.066119753
1.228972316,0.064708903
1.225905299,0.064788647
1.223451614,0.063291922
1.220691204,0.06268464
1.217010736,0.062451545
1.214557052,0.061144978
1.211490035,0.059341542
1.208423018,0.059317008
1.205969334,0.058470495
1.202595592,0.058016572
1.199528456,0.057022844
1.196461439,0.055980042
1.193701029,0.054955643
1.191247463,0.053900573
1.187873602,0.053164478
1.18449986,0.052330237
1.178979158,0.050115816
1.176218867,0.049195696
1.172845006,0.048330784
1.170698047,0.047116227
1.16763103,0.045901671
1.164870739,0.044871137
1.161190152,0.043859005
1.158123136,0.042583108
1.155669451,0.041380819
1.15290916,0.040049713
1.150148749,0.038491644
1.146468282,0.037405904
1.144014597,0.036755688
1.141561031,0.035602473
1.13818717,0.03449833
1.134813428,0.033529136
1.132666469,0.032676492
1.130212903,0.031695034
1.12622571,0.030744243
1.1234653,0.029621698
1.121011615,0.028370336
1.117637873,0.027033096
1.115490913,0.025603846
1.112423897,0.024162326
1.108743429,0.022702403
1.106289744,0.021217944
1.103529453,0.019702815
1.100769043,0.018157015
1.098315358,0.016611215
1.094634891,0.015059281
1.092487931,0.013464408
1.090034366,0.012255985
1.087273955,0.010615107
1.083900213,0.009026367
1.081753254,0.007420453
1.078072786,0.005854411
1.07500577,0.004275486
1.07285881,0.002685521
1.069791675,0.001113344
1.067031384,-0.000443559
1.063350916,-0.001980035
1.060897231,-0.003633243
1.057523489,-0.005043479
1.05537653,-0.006466596
1.051696062,-0.00783328
1.049549103,-0.009170519
1.046482086,-0.010469727
1.042801499,-0.011695326
1.040654659,-0.012844861
1.037280798,-0.013792584
1.033907056,-0.014626825
1.030840039,-0.01531078
1.028079629,-0.015902109
1.025319338,-0.016430259
1.021945477,-0.016958406
1.01887846,-0.017354058
1.01611805,-0.01775155
1.012744308,-0.018132478
1.010290742,-0.017972991
1.008143783,-0.018224491
1.005076647,-0.018420782
1.001396179,-0.018525062
0.998635828,-0.018580271
0.995262086,-0.018555734
0.992501736,-0.018500527
0.989127934,-0.018420782
0.986060858,-0.018249027
0.982687116,-0.01801593
0.979926765,-0.017739894
0.976552963,-0.017427055
0.973792613,-0.017046738
0.970112145,-0.016605081
0.966738403,-0.016095949
0.964591444,-0.015433463
0.96060425,-0.014795514
0.957537174,-0.014108492
0.954470158,-0.013347859
0.950176239,-0.012747942
0.947109163,-0.011810647
0.944042087,-0.010860471
0.94097507,-0.009864289
0.937294602,-0.00883621
0.934227526,-0.007768872
0.930853724,-0.006757354
0.927786708,-0.005758105
0.923799515,-0.004784006
0.921652555,-0.003832602
0.918278754,-0.002881199
0.914905012,-0.001961694
0.91153127,-0.001069792
0.908770859,-0.000211934
0.905090392,0.000581883
0.902023375,0.001339632
0.898956299,0.002010031
0.895582497,0.002730913
0.892515421,0.003390332
0.889448404,0.004023987
0.886688054,0.004636786
0.883007526,0.005247132
0.880247176,0.005786935
0.876566708,0.006308336
0.873499632,0.006796612
0.87012589,0.007237656
0.867058814,0.00765171
0.863991737,0.008059015
0.861231387,0.008459575
0.857857645,0.008879148
0.854483843,0.009170519
0.851723492,0.009598068
0.84834975,0.009917043
0.845589399,0.010211481
0.842215598,0.010497944
0.839148521,0.010756805
0.835774779,0.011019345
0.833014429,0.011266551
0.829640627,0.01149842
0.82657361,0.011716182
0.823506534,0.011924129
0.820132732,0.01211306
0.81675899,0.012297697
0.81399864,0.0124762
0.810624838,0.012634461
0.807557821,0.01280867
0.804797411,0.012958956
0.801730394,0.013113536
0.798356593,0.013263209
0.795596242,0.013398773
0.793142617,0.013538632
0.787928581,0.013669902
0.786088347,0.013798105
0.782714605,0.01391772
0.779954195,0.014041016
0.776887178,0.01414959
0.773513377,0.014272273
0.770446301,0.014386981
0.767072558,0.014499849
0.764618933,0.014596155
0.760938406,0.014690007
0.757564664,0.014779565
0.754804313,0.014870964
0.752043962,0.014958068
0.748976886,0.0150464
0.745296419,0.015137798
0.742536068,0.015223063
0.739468992,0.015304646
0.736401916,0.015380096
0.733028173,0.015442051
0.729961097,0.015506459
0.726894021,0.01556596
0.72413367,0.015627302
0.721066594,0.015683735
0.717692852,0.015737716
0.714625776,0.015791083
0.711251974,0.01584813
0.707878232,0.015900271
0.704811156,0.015947502
0.701130688,0.015972653
0.698983729,0.016012525
0.695609987,0.016057303
0.692849636,0.016092882
0.689475834,0.016132141
0.686715484,0.016177533
0.683648407,0.016211269
0.680274665,0.01623274
0.676900864,0.016254822
0.673833847,0.016275678
0.671073496,0.01621495
0.668313086,0.016256049
0.665246069,0.016279973
0.661565602,0.016300214
0.658498526,0.016328432
0.655124724,0.016352968
0.652364373,0.016372599
0.648990631,0.016381186
0.645923555,0.016377505
0.643163204,0.016382413
0.639482737,0.016382413
0.637029052,0.016391
0.63365531,0.016389774
0.630588233,0.016388547
0.627521157,0.016395295
0.624760807,0.016393455
0.621387064,0.016395908
0.618319988,0.016370758
0.615252912,0.016374439
0.61187917,0.016360329
0.609118819,0.016360329
0.605745018,0.016344994
0.602984667,0.016336406
0.599917591,0.016319845
0.596543849,0.016316777
0.593170047,0.016310643
0.590716422,0.016282426
0.587649345,0.016267704
0.583968878,0.016239487
0.581515193,0.016220471
0.577221334,0.016194709
0.5753811,0.016174465
0.572620749,0.016158517
0.569246948,0.016126007
0.565259814,0.016102083
0.562499404,0.016070798
0.559739053,0.016049329
0.556365311,0.016018046
0.55360496,0.015989829
0.549924493,0.015953638
0.547164083,0.015931554
0.544097066,0.015898431
0.541336715,0.015871439
0.537349522,0.015831567
0.534895837,0.015789855
0.531522095,0.015762253
0.528455019,0.015722381
0.524774551,0.01568987
0.522934318,0.015650611
0.51925385,0.015615033
0.516800165,0.015575161
0.513119698,0.01553897
0.510052621,0.015494804
0.506985605,0.015448185
0.503611803,0.015396658
0.500851452,0.015350652
0.49747768,0.015300352
0.49471733,0.015251893
0.491036862,0.015213248
0.488583207,0.015165402
0.485209435,0.015121849
0.482449085,0.01507339
0.478768587,0.015018183
0.475701541,0.01497095
0.472634465,0.014910222
0.469874114,0.014856242
0.466500342,0.014804102
0.463739991,0.014771591
0.459752798,0.014724358
0.457605869,0.014675898
0.454232097,0.014622532
0.45116502,0.014568551
0.448097974,0.01450537
0.444724202,0.014442188
0.441657126,0.014387595
0.43859008,0.014323186
0.435523003,0.014274113
0.432762653,0.014205411
0.429082155,0.014165539
0.426935226,0.01412444
0.423254758,0.014063712
0.420187682,0.01399317
0.41681391,0.013924467
0.414360255,0.013899932
0.410679787,0.013853925
0.407612711,0.013798718
0.404545665,0.013724496
0.401478589,0.013679716
0.398104817,0.013606107
0.395651191,0.013535564
0.391970694,0.013454594
0.389210343,0.013393866
0.386143297,0.013320256
0.383076221,0.013248487
0.379702449,0.013174878
0.376635373,0.013120897
0.373568326,0.013050968
0.37050125,0.012979812
0.368047595,0.012911724
0.364673853,0.012829526
0.361300081,0.012766344
0.358233005,0.01267372
0.354859233,0.012584775
0.352098882,0.012500124
0.349338531,0.012416086
0.346271455,0.012347383
0.343204409,0.012274387
0.339523911,0.012198324
0.336763561,0.01210754
0.333083093,0.012011234
0.330936134,0.011905113
0.327869087,0.011814328
0.32418859,0.011733358
0.321121544,0.01164932
0.318361193,0.011581232
0.314987421,0.011502101
0.311920345,0.011427878
0.308546573,0.011343228
0.306092918,0.011248148
0.30241245,0.011156136
0.299345374,0.011072712
0.295358211,0.010985607
0.293517977,0.010911385
0.290757596,0.010852497
0.286770433,0.010779501
0.284316778,0.010704052
0.281249702,0.010615107
0.27787593,0.010521255
0.275115579,0.010425562
0.271435112,0.010343364
0.268674761,0.010264235
0.265607685,0.010187558
0.262540638,0.010126216
0.260393679,0.010058127
0.257019907,0.009988199
0.25333944,0.009905388
0.249965668,0.00981399
0.247205317,0.009710936
0.243831545,0.009626285
0.24107118,0.009548996
0.237697408,0.009474772
0.234630346,0.009409751
0.231256574,0.009341048
0.228496224,0.009264371
0.225429162,0.009180334
0.22205539,0.009094456
0.21929504,0.009003058
0.215921268,0.008913499
0.212547496,0.008828849
0.210093841,0.008748491
0.206720069,0.008680403
0.203653008,0.008600046
0.200892657,0.008520302
0.197825596,0.008427063
0.193531707,0.008333211
0.191384763,0.008241813
0.188317686,0.008148574
0.184943929,0.008062696
0.182796985,0.007970684
0.178809792,0.007875605
0.17574273,0.007789728
0.17298238,0.00770201
0.170222014,0.007605704
0.166541547,0.007498357
0.163167775,0.007373834
0.160407409,0.007237656
0.157647058,0.007092278
0.154273286,0.006770236
0.150899515,0.006272758
0.148139164,0.002627247
0.145992219,9.20E-06
0.142618448,-0.000200997
0.140164793,-0.001408518
0.136791021,-0.001575857
0.133723959,-0.001562792
0.130350187,-0.00145937
0.12697643,-0.001322088
0.123909362,-0.001187015
0.1208423,-0.001067829
0.117468528,-0.000986184
0.11470817,-0.000929136
0.111334398,-0.000899692
0.108574048,-0.000904784
0.10581369,-0.000932755
0.102133214,-0.000974406
0.099372856,-0.001036974
0.096305788,-0.001110829
0.093238726,-0.001200326
0.089864954,-0.001302336
0.086797893,-0.001408702
0.084037535,-0.001523717
0.080970474,-0.001640265
0.078210115,-0.001767181
0.074836344,-0.001895139
0.071462579,-0.002029783
0.068702221,-0.002166574
0.06563516,-0.002302751
0.062261388,-0.002438929
0.05950103,-0.002580627
0.055820554,-0.002722939
0.052753489,-0.002862184
0.049993135,-0.003005722
0.04692607,-0.003154781
0.043859005,-0.003293413
0.041098651,-0.003441859
0.037724879,-0.003587237
0.034657817,-0.003732003
0.031590752,-0.003877995
0.028216984,-0.004028281
0.025456626,-0.004173046
0.021776151,-0.004327013
0.0193225,-0.004471778
0.01594873,-0.004623292
0.013188372,-0.004774191
0.009814603,-0.004922637
0.007054246,-0.00507599
0.003680476,-0.005226276
0.000613413,-0.005382083
-0.002453651,-0.005529915
-0.00582742,-0.005684495
-0.007667658,-0.005836622
-0.011348135,-0.005988135
-0.015028611,-0.006140261
-0.018095674,-0.006294228
-0.021162737,-0.006448194
-0.0242298,-0.00660032
-0.026990158,-0.006752447
-0.030363929,-0.00690396
-0.03343099,-0.00705854
-0.036191348,-0.007203918
-0.039565116,-0.007354205
-0.042632181,-0.007505104
-0.045392539,-0.00765539
-0.048766308,-0.007805063
-0.051526666,-0.00795903
-0.055207141,-0.008111769
-0.058274206,-0.008264509
-0.060727857,-0.008415408
-0.064101622,-0.008566308
-0.06716869,-0.008714754
-0.070235752,-0.008871174
-0.073609523,-0.009022688
-0.076063171,-0.009180947
-0.079743646,-0.009338595
-0.082810715,-0.009490721
-0.085877776,-0.009642234
-0.088331424,-0.009791293
-0.092011899,-0.00994158
-0.094772257,-0.010093706
-0.098452732,-0.010245219
-0.10121309,-0.010389371
-0.103973448,-0.010541497
-0.10704051,-0.010691783
-0.110414281,-0.010836548
-0.11317464,-0.010980087
-0.116241701,-0.011118718
-0.119922176,-0.011264097
-0.122682534,-0.011407635
-0.125442892,-0.011550561
-0.129123375,-0.011695326
-0.131270319,-0.011830277
-0.135257497,-0.011971362
-0.138017848,-0.012106312
-0.14139162,-0.012245557
-0.144151986,-0.012384188
-0.147219047,-0.012516072
-0.150899515,-0.012648569
-0.15365988,-0.012780453
-0.156420231,-0.012914791
-0.159487292,-0.013046061
-0.163167775,-0.013177944
-0.165928125,-0.013307375
-0.169301897,-0.013438032
-0.172368959,-0.013563168
-0.174822614,-0.013691371
-0.178503096,-0.013815894
-0.181570157,-0.013937963
-0.184637219,-0.01407046
-0.18770428,-0.014192529
-0.190464631,-0.01432196
-0.193838403,-0.014444642
-0.196905464,-0.014572232
-0.19966583,-0.01469062
-0.203039601,-0.014815143
-0.206106663,-0.014934145
-0.209173724,-0.015054988
-0.212547496,-0.015178896
-0.215307847,-0.015296672
-0.218681619,-0.015426102
-0.221441984,-0.015542651
-0.224202335,-0.015661653
-0.227269396,-0.015778201
-0.230643168,-0.01589107
-0.233710229,-0.016005164
-0.236777291,-0.016124167
-0.240151063,-0.016244395
-0.242911428,-0.016352968
-0.246285185,-0.016475651
-0.249352261,-0.016581159
-0.252419323,-0.016694639
-0.255486369,-0.01680444
-0.258553445,-0.016916694
-0.261927217,-0.017026495
-0.264687568,-0.017136911
-0.26806134,-0.017240576
-0.270821691,-0.017344857
-0.273888767,-0.017450977
-0.276955813,-0.017549736
-0.280636311,-0.017658925
-0.283089966,-0.017761977
-0.286157012,-0.017862577
-0.289224088,-0.017961951
-0.29259786,-0.01805703
-0.295358211,-0.018153334
-0.29750514,-0.01819382
-0.300878912,-0.018291967
-0.303639263,-0.018390112
-0.306706339,-0.018482124
-0.310080111,-0.018574135
-0.313453883,-0.018666148
-0.316214234,-0.018758159
-0.318974584,-0.018831769
-0.322655082,-0.018929916
-0.325722128,-0.019003525
-0.328482479,-0.01910167
-0.331242859,-0.019169146
-0.334616631,-0.019261159
-0.337683678,-0.019334767
-0.34105745,-0.01942678
-0.343511105,-0.019494254
-0.346884876,-0.019573998
-0.349951923,-0.019653743
-0.353325695,-0.019727351
-0.356086075,-0.019807095
-0.358846426,-0.019880705
-0.362220198,-0.019954314
-0.36559397,-0.020015655
-0.368661016,-0.020089265
-0.372034788,-0.020156741
-0.374795139,-0.020224215
-0.377862215,-0.020297825
-0.380929261,-0.020365302
-0.383996338,-0.020438911
-0.38737011,-0.020512519
-0.390437186,-0.020567726
-0.393504232,-0.020635203
-0.396264583,-0.020696543
-0.399638355,-0.020757886
-0.403012127,-0.020831496
-0.405465782,-0.020892836
-0.408839554,-0.020954177
-0.411599904,-0.021021653
-0.414666981,-0.02107686
-0.417734027,-0.021132067
-0.421107799,-0.021205677
-0.42386815,-0.021260884
-0.427241921,-0.021322224
-0.430308998,-0.021377431
-0.43368277,-0.021438774
-0.436749816,-0.021493981
-0.439816892,-0.021561455
-0.443190664,-0.021616662
-0.445644319,-0.021665735
-0.448711365,-0.021733211
-0.452391863,-0.021782285
-0.454538792,-0.021837492
-0.458525985,-0.021898832
-0.461593032,-0.021941772
-0.464660108,-0.022009246
-0.467727154,-0.022058319
-0.470487535,-0.022113526
-0.473554581,-0.022174869
-0.476621658,-0.022211673
-0.480915546,-0.022273015
-0.48275578,-0.022328222
-0.486129552,-0.022365026
-0.489503324,-0.022420233
-0.49257037,-0.022469306
-0.495330751,-0.022512246
-0.498397797,-0.022573587
-0.501771569,-0.022616526
-0.50453192,-0.022671733
-0.507598996,-0.022720806
-0.510666072,-0.022763744
-0.513426423,-0.02280055
-0.517106891,-0.022843488
-0.520173967,-0.022892561
-0.523241043,-0.022941634
-0.52630806,-0.022996841
-0.529988527,-0.023039781
-0.532135487,-0.023076585
-0.535202563,-0.023119524
-0.538269639,-0.023168597
-0.541336715,-0.023217671
-0.544710457,-0.023254475
-0.547470808,-0.023309682
-0.551151276,-0.023340352
-0.553911626,-0.023389425
-0.557285428,-0.023426231
-0.560352504,-0.023456901
-0.563112855,-0.023512108
-0.566486597,-0.023561182
-0.569246948,-0.023604119
-0.572314024,-0.023640925
-0.575994492,-0.023696132
-0.578754842,-0.023726802
-0.581515193,-0.023769742
-0.584888995,-0.023806546
-0.587956071,-0.023849485
-0.591329813,-0.023898559
-0.594703615,-0.023935363
-0.59715724,-0.023978302
-0.600531042,-0.024027376
-0.603904784,-0.02406418
-0.606665134,-0.024119386
-0.610038936,-0.024150057
-0.612799287,-0.02419913
-0.615559638,-0.02424207
-0.61893338,-0.024291143
-0.622307181,-0.024334081
-0.625680923,-0.024383154
-0.628441274,-0.02441996
-0.63150835,-0.024456764
-0.634268701,-0.024505837
-0.637335777,-0.02455491
-0.641016245,-0.024597848
-0.644083321,-0.024653055
-0.646843672,-0.024695994
-0.650217414,-0.024745068
-0.652977824,-0.024788007
-0.656044841,-0.024830945
-0.659111917,-0.024867751
-0.662178993,-0.024922958
-0.665859461,-0.024972031
-0.668619812,-0.025033372
-0.671993613,-0.025100848
-0.674447238,-0.025143785
-0.677514315,-0.025192859
-0.681194782,-0.025248066
-0.683955133,-0.025303273
-0.686715484,-0.025352346
-0.690089285,-0.025401419
-0.693156302,-0.02546276
-0.696223378,-0.025511833
-0.699290454,-0.025560906
-0.702357531,-0.025616113
-0.705424607,-0.02567132
-0.708798349,-0.02571426
-0.7115587,-0.025787869
-0.714932501,-0.025836943
-0.717999518,-0.02589215
-0.721066594,-0.025935087
-0.72413367,-0.025990296
-0.727200747,-0.026045503
-0.730267823,-0.026106844
-0.733334839,-0.026168184
-0.736708641,-0.026223391
-0.739775717,-0.0262786
-0.742842734,-0.026327671
-0.745296419,-0.026395148
-0.748363495,-0.026450355
-0.751737237,-0.026511695
-0.755111039,-0.026554635
-0.757871389,-0.026609842
-0.761245131,-0.026671184
-0.764005482,-0.026726391
-0.767379284,-0.026787732
-0.770446301,-0.026842939
-0.773513377,-0.026898146
-0.776580453,-0.026965622
-0.779954195,-0.027026962
-0.783021271,-0.027088303
-0.786088347,-0.027143512
-0.789155424,-0.027204853
-0.791609049,-0.027266193
-0.794982851,-0.027327536
-0.798049927,-0.027382743
-0.801730394,-0.027444083
-0.804490745,-0.02749929
-0.807251096,-0.027560631
-0.810011446,-0.027628107
-0.813691914,-0.02767718
-0.81675899,-0.027744656
-0.819826066,-0.027812131
-0.822893083,-0.027885741
-0.825960159,-0.027934814
-0.829027236,-0.028002288
-0.832094312,-0.028057495
-0.835161388,-0.028118838
-0.83853513,-0.028180178
-0.841602206,-0.028247654
-0.844975948,-0.028296728
-0.847429633,-0.028364202
-0.851110101,-0.028431678
-0.853870451,-0.028486885
-0.857244194,-0.028560495
-0.860004604,-0.028615702
-0.86307162,-0.028677043
-0.865831971,-0.028744519
-0.869205773,-0.028805859
-0.872579515,-0.028873336
-0.875953317,-0.028934676
-0.878406942,-0.029008286
-0.881167293,-0.029069627
-0.88484782,-0.029124834
-0.887914836,-0.029198444
-0.890981913,-0.029247517
-0.893742263,-0.029321127
-0.897116065,-0.029376334
-0.899876416,-0.029431541
-0.902943492,-0.029499017
-0.906010509,-0.029554224
-0.909690976,-0.029627832
-0.912758052,-0.02968304
-0.915518403,-0.029762784
-0.918892205,-0.029817991
-0.921652555,-0.029879332
-0.924412906,-0.029934539
-0.928400099,-0.030008148
-0.93116045,-0.030069489
-0.934227526,-0.030118562
-0.937294602,-0.03020444
-0.940668344,-0.030265782
-0.943735421,-0.030333256
-0.94588238,-0.030394599
-0.949562848,-0.030455939
-0.952629864,-0.030529549
-0.956310391,-0.03059089
-0.958764017,-0.030652232
-0.962137818,-0.030719707
-0.965204835,-0.030781047
-0.968578637,-0.030848524
-0.971338987,-0.030916
-0.974712729,-0.030971207
-0.977166414,-0.031014144
-0.98023349,-0.031075487
-0.983607233,-0.031130694
-0.986367583,-0.031222705
-0.990354776,-0.031290181
-0.992808402,-0.03134539
-0.996182203,-0.03140673
-0.998635828,-0.031492606
-1.002316356,-0.031541679
-1.005076647,-0.031615291
-1.008757114,-0.031682763
-1.011517525,-0.031744108
-1.014891267,-0.031805448
-1.017651677,-0.031879056
-1.020718694,-0.031940397
-1.024092436,-0.032007873
-1.027159572,-0.032081485
-1.029919863,-0.03213669
-1.033293605,-0.032198031
-1.036054015,-0.032271642
-1.039121032,-0.032339115
-1.042188168,-0.032400459
-1.045255184,-0.032474067
-1.048628926,-0.032541543
-1.051389337,-0.032602884
-1.054763079,-0.032578349
-1.058136821,-0.032719433
-1.061203957,-0.032799177
-1.063964248,-0.032866653
-1.067031384,-0.032940261
-1.070405126,-0.032897323
-1.073472142,-0.033020005
-1.076539278,-0.033044539
-1.079606295,-0.033204027
-1.08267343,-0.033302173
-1.086047173,-0.033320576
-1.088807464,-0.033412587
-1.091874599,-0.033480063
-1.094941616,-0.033602748
-1.098008752,-0.033664089
-1.101382494,-0.033743832
-1.104449511,-0.033811308
-1.107209921,-0.033891052
-1.110276937,-0.03396466
-1.11365068,-0.034044404
-1.117024541,-0.034105744
-1.119478106,-0.034179356
-1.122545242,-0.0342591
-1.125918984,-0.034326572
-1.128986001,-0.034400184
-1.132053137,-0.034406316
-1.134813428,-0.03443699
-1.137573838,-0.034492195
-1.14094758,-0.034547403
-1.144321322,-0.034749828
-1.147695184,-0.034811169
-1.150455475,-0.03490318
-1.153522491,-0.035013597
-1.156589627,-0.035136279
-1.159656644,-0.035216022
-1.16272378,-0.035295766
-1.165790796,-0.035363242
-1.169164538,-0.035455253
-1.172231674,-0.035528861
-1.175298691,-0.035602473
-1.178059101,-0.035669949
-1.181432843,-0.035749692
-1.18449986,-0.035817165
-1.187566996,-0.035903044
-1.190327287,-0.035982788
-1.194007754,-0.03608707
-1.196768165,-0.036179081
-1.199528456,-0.036258824
-1.203208923,-0.036350835
-1.205969334,-0.036412176
-1.20903635,-0.03650419
-1.212103486,-0.036590066
-1.215783954,-0.036675945
-1.218544245,-0.036755688
-1.221611381,-0.036853835
-1.224064946,-0.03693971
-1.227745533,-0.037025589
-1.23081255,-0.037074663
-1.233879566,-0.037148271
-1.237253428,-0.037283223
-1.240013719,-0.037418172
-1.242774129,-0.037571527
-1.246454597,-0.037688076
-1.249214888,-0.037823025
-1.252282023,-0.037915036
-1.25534904,-0.038007051
-1.258722782,-0.038092926
-1.261789918,-0.03815427
-1.264243484,-0.038191073
-1.267617345,-0.038270816
-1.271297812,-0.038356695
-1.273751378,-0.038534585
-1.277125239,-0.038626596
-1.280192256,-0.038743146
-1.283565998,-0.038841292
-1.286019683,-0.038957838
-1.288780093,-0.038994644
-1.292153835,-0.039178669
-1.295527577,-0.039215472
-1.298287988,-0.039350424
-1.30166173,-0.039497644
-1.304728746,-0.039614189
-1.307795882,-0.039712336
-1.310862899,-0.039724607
-1.313623309,-0.039804351
-1.316997051,-0.039896362
-1.320370793,-0.039988372
-1.32343781,-0.040098786
-1.32619822,-0.040196933
-1.329265237,-0.040307347
-1.332639098,-0.040528174
-1.335399389,-0.040675394
-1.338466525,-0.040785808
-1.341840267,-0.040914625
-1.344907284,-0.040963698
-1.34797442,-0.041031174
-1.351041436,-0.041135453
-1.353801727,-0.041325614
-1.356868863,-0.041362416
-1.360242605,-0.041595515
-1.363616347,-0.041761134
-1.366376758,-0.041889951
-1.368830442,-0.042018767
-1.37251091,-0.042055573
-1.375577927,-0.042147584
-1.378951669,-0.042319342
-1.381712079,-0.042515632
-1.38447237,-0.042668987
-1.387539506,-0.042816207
-1.390606523,-0.042963423
-1.393673658,-0.04312291
-1.3970474,-0.043263998
-1.400114417,-0.04333147
-1.403181553,-0.04350936
-1.406248569,-0.043717921
-1.409315586,-0.043889679
-1.412075996,-0.044055298
-1.415756464,-0.044227052
-1.418516874,-0.044392675
-1.421583891,-0.044576701
-1.424650908,-0.044766858
-1.427718043,-0.044938613
-1.431091785,-0.045104235
-1.434158802,-0.045288257
-1.437225938,-0.045466147
-1.440292954,-0.045644037
-1.442439914,-0.04584033
-1.446120381,-0.046030488
-1.448880792,-0.046220645
-1.452254534,-0.046410803
-1.455628276,-0.046625499
-1.458388686,-0.046840191
-1.462069154,-0.047085557
-1.464829445,-0.047300253
-1.467589855,-0.047514945
-1.470656872,-0.047748044
-1.474030614,-0.047950469
-1.47709775,-0.048183568
-1.479244709,-0.049017806
-1.482311726,-0.05069856
-1.485072136,-0.052446783
-1.488139153,-0.054182742
-1.490899563,-0.055912565
-1.493659854,-0.057660792
-1.49672699,-0.059366081
-1.499487281,-0.061065231
-1.50163424,-0.062758252
-1.505007982,-0.064408332
-1.507461667,-0.066107482
-1.510528684,-0.06775143
-1.513902545,-0.069395378
-1.516662836,-0.071063861
-1.519116521,-0.072750747
-1.52126348,-0.074413091
-1.524943948,-0.076063171
-1.527397633,-0.077713251
-1.529851198,-0.079351068
-1.53322494,-0.081031814
-1.536292076,-0.082669623
-1.538439035,-0.084289037
-1.541506052,-0.085926846
-1.544573188,-0.087583065
-1.547333479,-0.089220874
-1.550400496,-0.090870954
-1.553160906,-0.092465825
-1.555614591,-0.094042301
-1.558374882,-0.09561877
-1.561442018,-0.097176835
-1.564509034,-0.098710366
-1.567576051,-0.100268438
-1.56972301,-0.101851039
-1.572790146,-0.103421375
-1.575550437,-0.104954913
-1.578310847,-0.106500708
-1.580764532,-0.108028106
-1.584138274,-0.109592311
-1.586898565,-0.111150376
-1.589658976,-0.112720713
-1.59211266,-0.114272647
-1.595486403,-0.115787774
-1.598860145,-0.117321312
-1.600700378,-0.118860975
-1.603767395,-0.120388374
-1.607141256,-0.121952578
-1.609901547,-0.123486109
-1.612661958,-0.125056446
-1.615115643,-0.126663581
-1.618182659,-0.128184855
-1.621249676,-0.129712239
-1.623703361,-0.131251916
-1.627077103,-0.132822245
-1.629530787,-0.134380311
-1.63290453,-0.135950655
-1.635358214,-0.137582332
-1.637811899,-0.139232412
-1.640878916,-0.140784338
-1.643332601,-0.142342418
-1.646399617,-0.143912748
-1.649466753,-0.145483091
-1.65253377,-0.147096366
-1.655294061,-0.148685098
-1.657747746,-0.150261566
-1.661121488,-0.151844174
-1.663268447,-0.153445184
-1.666335583,-0.155033916
-1.669095874,-0.156561315
-1.672469616,-0.158137783
-1.670936108,-0.157426223
-1.668175817,-0.155874297
-1.664801955,-0.154395968
-1.662655115,-0.152880847
-1.658974648,-0.151335046
-1.656214237,-0.149813786
-1.653760552,-0.1482189
-1.651306987,-0.14665471
-1.648239851,-0.145115033
-1.645172834,-0.14353244
-1.642412424,-0.141968235
-1.639345407,-0.140434697
-1.636584997,-0.138931841
-1.633824706,-0.1373799
-1.631064296,-0.13585864
-1.628304005,-0.134282172
-1.624930143,-0.132730231
-1.622783303,-0.131184429
-1.619409442,-0.129638642
-1.617262483,-0.128086701
-1.611128449,-0.125050306
-1.608061314,-0.123461567
-1.605301023,-0.12189123
-1.602233887,-0.120302498
-1.599780321,-0.118732162
-1.59640646,-0.117131151
-1.593646169,-0.11553628
-1.590885758,-0.113941409
-1.588432193,-0.112315863
-1.585365057,-0.110714853
-1.582911372,-0.109070912
-1.580151081,-0.107426964
-1.576470613,-0.105721675
-1.574323654,-0.104022525
-1.570949912,-0.102292702
-1.568802953,-0.100538336
-1.565735817,-0.098826915
-1.563282251,-0.097133897
-1.560215116,-0.095545158
-1.557454824,-0.093962558
-1.554387689,-0.092410617
-1.551627398,-0.090717599
-1.548560262,-0.089331292
-1.546720028,-0.088110596
-1.540892601,-0.085712157
-1.539359093,-0.085920714
-1.537212133,-0.084399454
-1.534145117,-0.083025403
-1.5310781,-0.081841521
-1.52831769,-0.080798715
-1.51850307,-0.076817669
-1.516662836,-0.076572306
-1.517276287,-0.07723479
-1.516049385,-0.077155046
-1.512368917,-0.075670585
-1.516356111,-0.077860475
-1.507768393,-0.073781274
-1.50439465,-0.071867429
-1.502861023,-0.071204945
-1.499487281,-0.070021056
-1.496113539,-0.068726756
-1.493659854,-0.068180822
-1.490592837,-0.066383518
-1.487832427,-0.065224171
-1.484458685,-0.063893065
-1.482311726,-0.062568091
-1.479551435,-0.060936417
-1.476177573,-0.059439689
-1.473724008,-0.058010437
-1.470963597,-0.05658732
-1.467896581,-0.055250078
-1.464829445,-0.053931244
-1.462069154,-0.052544929
-1.459308743,-0.051269032
-1.456241727,-0.049894989
-1.453481317,-0.048527077
-1.448574066,-0.045895535
-1.444893599,-0.044496957
-1.441826463,-0.043086108
-1.439066172,-0.041705929
-1.436305761,-0.040215336
-1.433852196,-0.038798351
-1.431091785,-0.03738137
-1.427718043,-0.036019593
-1.424650908,-0.034627147
-1.422197342,-0.033210162
-1.419743657,-0.031787045
-1.416369915,-0.030327123
-1.413302779,-0.028904006
-1.410849214,-0.027407279
-1.408088803,-0.025916686
-1.405021787,-0.024462897
-1.401954651,-0.023027511
-1.39919436,-0.021610528
-1.396127224,-0.020187411
-1.393366933,-0.018696819
-1.390913248,-0.017230762
-1.387846231,-0.015740169
-1.384779096,-0.01429865
-1.382018805,-0.012826459
-1.37956512,-0.011684898
-1.376804709,-0.010231723
-1.374044418,-0.008647279
-1.371284008,-0.007118654
-1.368216991,-0.005586349
-1.365149975,-0.004077968
-1.36269629,-0.002613751
-1.359322548,-0.001167324
-1.356255412,0.000314251
-1.353495121,0.001695227
-1.350427985,0.002010031
-1.347360969,0.004508583
-1.344907284,0.005893056
-1.341840267,0.007389169
-1.339386582,0.008776709
-1.33601284,0.010195532
-1.332945704,0.011646867
-1.329878688,0.01314482
-1.326811671,0.014605356
-1.324357986,0.016018046
-1.321597576,0.017469993
-1.318223834,0.018858759
-1.316076875,0.019745754
-1.313929915,0.021168871
-1.310862899,0.022542916
-1.307182431,0.023935363
-1.305035472,0.025370749
-1.30166173,0.026720256
-1.29890132,0.028100435
-1.296141028,0.029486747
-1.293380618,0.030781047
-1.290620327,0.032210302
-1.285406232,0.034897048
-1.28203249,0.036222018
-1.279272199,0.037528589
-1.276205063,0.038786083
-1.273444772,0.040037446
-1.270684361,0.041276541
-1.267617345,0.0425095
-1.264856935,0.043754727
-1.261789918,0.044926345
-1.258722782,0.046140902
-1.256269217,0.047245044
-1.253202081,0.04836759
-1.250135064,0.049422659
-1.247681379,0.050416388
-1.244000912,0.051324237
-1.241547227,0.052097138
-1.238173485,0.052403845
-1.234799743,0.050833508
-1.231119275,0.048134495
-1.228358865,0.04492021
-1.224064946,0.041908354
-1.220384479,0.039123461
-1.217010736,0.036657542
-1.21394372,0.034369513
-1.209649801,0.032455664
-1.206582785,0.0306645
-1.203822374,0.029008286
-1.199835181,0.027505424
-1.19707489,0.026094576
-1.193394423,0.024904555
-1.189407229,0.02381268
-1.186953545,0.022837354
-1.183579803,0.021849759
-1.179899335,0.021101397
-1.177138925,0.020340765
-1.173458457,0.019666011
-1.170698047,0.019003525
-1.167324305,0.018439185
-1.163950562,0.017997527
-1.16057682,0.017512932
-1.15781641,0.017175555
-1.154749393,0.016795238
-1.151375651,0.016506935
-1.148308516,0.016181827
-1.145548224,0.01590579
-1.141867757,0.015709499
-1.138800621,0.015525475
-1.135426879,0.015402792
-1.13327992,0.015243305
-1.129599452,0.015096086
-1.126839042,0.014955001
-1.1234653,0.014899794
-1.120705009,0.014783246
-1.117024541,0.014795514
-1.114264131,0.014740307
-1.110890388,0.01471577
-1.104756236,0.014764844
-1.101382494,0.014801648
-1.098622084,0.014875257
-1.095555067,0.014979538
-1.092794657,0.015053147
-1.089420915,0.015267842
-1.086660504,0.015445732
-1.082980037,0.015734036
-1.07991302,0.01601007
-1.07715261,0.016286107
-1.074392319,0.016629618
-1.071018577,0.016936325
-1.067951441,0.017377982
-1.064884424,0.01773376
-1.061510682,0.018181551
-1.058443546,0.018598672
-1.055989981,0.019113939
-1.052616119,0.019616937
-1.049855828,0.020046327
-1.047095418,0.020445045
-1.044028401,0.020892836
-1.040654659,0.021316091
-1.038200974,0.021653468
-1.034827232,0.022027649
-1.031760097,0.022205539
-1.02869308,0.022322087
-1.02593267,0.022346623
-1.021945477,0.022297552
-1.019491911,0.021690272
-1.015504718,0.020003388
-1.012130976,0.017574273
-1.007837057,0.010532295
-1.001396179,-0.01380792
-0.996795595,-0.020099694
-0.991581619,-0.03063383
-0.988514543,-0.031075487
-0.985447466,-0.031265642
-0.982073724,-0.031326987
-0.979006648,-0.031314716
-0.975632846,-0.031247241
-0.973179221,-0.031173632
-0.969498754,-0.031063218
-0.966431677,-0.03094667
-0.963671327,-0.03081172
-0.960297525,-0.030682903
-0.957537174,-0.030529549
-0.954163432,-0.030370062
-0.951096356,-0.030228976
-0.94802928,-0.030069489
-0.945268929,-0.029910002
-0.941895187,-0.029750515
-0.939134836,-0.029584894
-0.935454309,-0.029413138
-0.933000684,-0.029247517
-0.929626942,-0.02908803
-0.926866531,-0.028916273
-0.920732439,-0.028591165
-0.917358637,-0.028443946
-0.913984895,-0.028278325
-0.911224544,-0.028118838
-0.908464193,-0.027983887
-0.905090392,-0.027818264
-0.90171665,-0.027664911
-0.898956299,-0.027511559
-0.896195948,-0.027345937
-0.892822146,-0.027204853
-0.889448404,-0.027051499
-0.886688054,-0.026922682
-0.882700861,-0.026763195
-0.880860627,-0.026634378
-0.877180159,-0.026487159
-0.874419749,-0.026370611
-0.871659398,-0.026235661
-0.86797893,-0.026088441
-0.86521858,-0.02595349
-0.861844838,-0.025824673
-0.859697878,-0.025677456
-0.856017411,-0.02553637
-0.852950335,-0.025407553
-0.849883258,-0.025278736
-0.846509516,-0.025137652
-0.843749166,-0.024996568
-0.840375364,-0.024855481
-0.838228405,-0.024732798
-0.834854662,-0.024610117
-0.832094312,-0.0244813
-0.828107119,-0.024352483
-0.825040042,-0.024223667
-0.821972966,-0.024088716
-0.819212615,-0.023972167
-0.815838873,-0.023849485
-0.812158406,-0.023726802
-0.810318172,-0.023604119
-0.806637645,-0.023475302
-0.803877294,-0.023346487
-0.800503552,-0.023229938
-0.797436476,-0.023125658
-0.794062734,-0.022990707
-0.791609049,-0.022868024
-0.788235307,-0.022739207
-0.785474956,-0.022647196
-0.781487763,-0.022530647
-0.779034078,-0.022407966
-0.775967062,-0.022291416
-0.772899985,-0.022181002
-0.769832909,-0.022058319
-0.766765833,-0.021941772
-0.763392091,-0.021819089
-0.76063174,-0.021702541
-0.757871389,-0.021598261
-0.754190862,-0.021475578
-0.751123846,-0.021365164
-0.748056769,-0.021260884
-0.744682968,-0.021144334
-0.742229342,-0.02104619
-0.739162266,-0.020935774
-0.735788524,-0.020819226
-0.732721448,-0.020702679
-0.729654372,-0.020592263
-0.726894021,-0.020475715
-0.723826945,-0.020365302
-0.720453203,-0.020261021
-0.717386127,-0.020150607
-0.71431905,-0.020034058
-0.711251974,-0.019923644
-0.707878232,-0.019819364
-0.704811156,-0.019702815
-0.701437414,-0.01960467
-0.698370337,-0.019494254
-0.695609987,-0.01938384
-0.692849636,-0.019273426
-0.68978256,-0.019181415
-0.686408818,-0.019077135
-0.683341742,-0.01896672
-0.680581391,-0.018850172
-0.677207589,-0.018764295
-0.674447238,-0.018653879
-0.671073496,-0.018555734
-0.668619812,-0.018445319
-0.664939344,-0.018347174
-0.662178993,-0.018230624
-0.658805192,-0.018114077
-0.655431449,-0.018022064
-0.652977824,-0.017923918
-0.649297297,-0.017825773
-0.646536946,-0.017715359
-0.643776596,-0.01759881
-0.640096128,-0.017519066
-0.637029052,-0.017427055
-0.634268701,-0.017328909
-0.630894959,-0.017230762
-0.627827883,-0.017120348
-0.625067532,-0.017016068
-0.621387064,-0.016911788
-0.618626714,-0.016801374
-0.615559638,-0.016703228
-0.612492561,-0.016598947
-0.609425485,-0.016488533
-0.606665134,-0.016390387
-0.603598058,-0.016279973
-0.599610925,-0.016181827
-0.597463965,-0.016077546
-0.594396889,-0.0159794
-0.590716422,-0.01587512
-0.587956071,-0.015776973
-0.584582269,-0.015678829
-0.581515193,-0.015580682
-0.578754842,-0.015476402
-0.575687826,-0.015378256
-0.572314024,-0.015286244
-0.569246948,-0.015181964
-0.566486597,-0.015108354
-0.563419521,-0.015004074
-0.560352504,-0.014912062
-0.557285428,-0.01482005
-0.553911626,-0.014721904
-0.551151276,-0.014623758
-0.547470808,-0.014519478
-0.544710457,-0.014427466
-0.541643381,-0.014323186
-0.537962914,-0.01422504
-0.535202563,-0.014145296
-0.532748938,-0.014047151
-0.529988527,-0.013985809
-0.527534902,-0.013880302
-0.523547709,-0.01378829
-0.521094084,-0.013690758
-0.517720282,-0.013600586
-0.514653265,-0.013502439
-0.511892855,-0.013408587
-0.508212388,-0.013314122
-0.505758762,-0.013214749
-0.501771569,-0.013121511
-0.499317914,-0.013027659
-0.496250868,-0.012927059
-0.493183792,-0.01283382
-0.490116745,-0.012738741
-0.486742973,-0.012640595
-0.483675897,-0.01254797
-0.480915546,-0.012457798
-0.477541775,-0.012345544
-0.474474698,-0.012246171
-0.471407652,-0.012137596
-0.468647301,-0.012036997
-0.465580225,-0.011932717
-0.461899757,-0.01182721
-0.459446102,-0.01172293
-0.45607233,-0.011617423
-0.453005254,-0.011509462
-0.449938208,-0.011404568
-0.447177857,-0.011298448
-0.44349736,-0.011193555
-0.440430313,-0.011087434
-0.437669933,-0.010978247
-0.433989465,-0.010865992
-0.43153581,-0.010771527
-0.427855343,-0.010656819
-0.425401688,-0.010552539
-0.422027916,-0.010449485
-0.418960869,-0.010348885
-0.415893793,-0.010248286
-0.412520021,-0.010145232
-0.409452975,-0.010039112
-0.406385899,-0.009945259
-0.403012127,-0.009866743
-0.400558472,-0.009770437
-0.396878004,-0.009666157
-0.394117653,-0.009574759
-0.390743881,-0.00948704
-0.387983531,-0.009388281
-0.38522315,-0.009294429
-0.381849408,-0.009199963
-0.379089028,-0.009106725
-0.376021981,-0.009025141
-0.372648209,-0.008932515
-0.369274437,-0.008860133
-0.365900666,-0.008770575
-0.363447011,-0.00868163
-0.360379964,-0.008601886
-0.357006192,-0.008515395
-0.353939116,-0.008435038
-0.350565344,-0.00835284
-0.347804993,-0.008273097
-0.345044643,-0.00818722
-0.341670871,-0.008121584
-0.338603795,-0.008037547
-0.335230023,-0.007948602
-0.332776368,-0.007864564
-0.329402596,-0.00778666
-0.326028854,-0.007703236
-0.323268473,-0.007616132
-0.320508122,-0.007536388
-0.317134351,-0.00744315
-0.313453883,-0.007365246
-0.311000228,-0.007273234
-0.307626456,-0.007184289
-0.30455941,-0.007105772
-0.301185638,-0.007016214
-0.298118562,-0.006936471
-0.295051485,-0.006843845
-0.292291135,-0.006761034
-0.289224088,-0.006663502
-0.286157012,-0.006585598
-0.283089966,-0.00649604
-0.279716194,-0.006410776
-0.276955813,-0.006329192
-0.273582041,-0.00623718
-0.270821691,-0.00615437
-0.267141223,-0.006069718
-0.264380872,-0.005982
-0.260700375,-0.005896736
-0.258553445,-0.005810858
-0.254872978,-0.0057213
-0.252419323,-0.005629288
-0.24873884,-0.005550771
-0.245671779,-0.005459373
-0.242911428,-0.005376562
-0.239537656,-0.00528639
-0.236777291,-0.005198059
-0.233096823,-0.005109114
-0.230336457,-0.005025077
-0.227269396,-0.00494288
-0.224202335,-0.004853935
-0.220521852,-0.004768057
-0.218068212,-0.004683406
-0.215001151,-0.004598755
-0.212240785,-0.00451165
-0.208867013,-0.004431293
-0.205799952,-0.004350323
-0.203039601,-0.004260151
-0.199359119,-0.00417366
-0.196905464,-0.004078581
-0.193224996,-0.00399393
-0.190464631,-0.003908052
-0.187090874,-0.003821561
-0.184637219,-0.00373323
-0.180650041,-0.003642444
-0.177582964,-0.003552273
-0.174822614,-0.003461488
-0.171448842,-0.003370089
-0.167768374,-0.003268263
-0.16562143,-0.003175637
-0.162861064,-0.003075038
-0.159487292,-0.002973825
-0.156420231,-0.002869545
-0.15335317,-0.002764651
-0.149979398,-0.002655464
-0.147219047,-0.002546889
-0.143845275,-0.002435862
-0.140778214,-0.002310112
-0.137404442,-0.002186203
-0.134644076,-0.002058
-0.131883726,-0.001925502
-0.128816664,-0.001787485
-0.125136182,-0.001634745
-0.12206912,-0.001469737
-0.119002059,-0.00128878
-0.116548412,-0.001095432
-0.112561226,-0.000882578
-0.109800868,-0.000660523
-0.106427103,-0.000420862
-0.103973448,-0.000180895
-0.10121309,4.82E-05
-0.097839326,0.000201003
-0.094158843,0.000479934
-0.091398492,0.000679907
-0.088638134,0.00086252
-0.085264362,0.001045991
-0.082504004,0.001217808
-0.079130232,0.001383736
-0.076063171,0.001548622
-0.07299611,0.00170449
-0.069622338,0.001860971
-0.066555277,0.002008313
-0.063794918,0.002159213
-0.06042115,0.002308885
-0.057047378,0.002456104
-0.054287024,0.00260271
-0.051526666,0.002750542
-0.048766308,0.002898375
-0.045392539,0.003044981
-0.042325474,0.003190973
-0.039565116,0.003332671
-0.036191348,0.00347621
-0.03343099,0.003617908
-0.030670634,0.003762673
-0.026990158,0.003909279
-0.023616388,0.004047297
-0.020549325,0.004190222
-0.017482262,0.00432824
-0.014108492,0.004469938
-0.011348135,0.004609183
-0.008281071,0.004744747
-0.004907302,0.004882152
-0.002146944,0.005013422
-0.001533532,-0.007343163
-0.004293889,-0.007459098
-0.007974365,-0.007589755
-0.010121309,-0.007708757
-0.013801785,-0.007834507
-0.016868848,-0.007960256
-0.019935912,-0.008076805
-0.023002975,-0.00819826
-0.026990158,-0.008309902
-0.029750515,-0.008434424
-0.031897459,-0.008552199
-0.035271227,-0.008676109
-0.038644999,-0.008791431
-0.041712061,-0.008915953
-0.044779126,-0.009036182
-0.048152894,-0.00914905
-0.050913252,-0.009264985
-0.05367361,-0.009380307
-0.057354085,-0.009493175
-0.06042115,-0.009608496
-0.063181505,-0.009727499
-0.066555277,-0.009840979
-0.069622338,-0.009966729
-0.07299611,-0.010080824
-0.075756468,-0.010193079
-0.078823529,-0.01030656
-0.082197301,-0.010412067
-0.084650949,-0.010524321
-0.08771801,-0.010636576
-0.091091782,-0.010752511
-0.094465554,-0.010866606
-0.096919201,-0.010983154
-0.100292973,-0.011091728
-0.103666745,-0.011202755
-0.106427103,-0.011310716
-0.109187454,-0.011418063
-0.112867936,-0.011529705
-0.116241701,-0.011634598
-0.11930877,-0.011746853
-0.121762417,-0.011855427
-0.125136182,-0.011967068
-0.127896547,-0.012073802
-0.131577015,-0.01218667
-0.134337381,-0.012295857
-0.136791021,-0.012396457
-0.140471503,-0.012505644
-0.143538564,-0.012611152
-0.14629893,-0.012712364
-0.149672687,-0.012824005
-0.152739763,-0.012927059
-0.155806825,-0.013038087
-0.159180596,-0.013147274
-0.161940947,-0.013250328
-0.164701298,-0.013356448
-0.16838178,-0.013462568
-0.170835435,-0.013561328
-0.174822614,-0.013669288
-0.177582964,-0.013772341
-0.180650041,-0.013877848
-0.183717102,-0.013983356
-0.187397569,-0.014090703
-0.190157935,-0.014194369
-0.192918286,-0.01429865
-0.195985347,-0.014392502
-0.199052408,-0.014490034
-0.202119485,-0.014591861
-0.205186546,-0.014704728
-0.208560318,-0.014805328
-0.211013958,-0.014911449
-0.21469444,-0.015012048
-0.217148095,-0.015106514
-0.221441984,-0.015203433
-0.223895624,-0.015300966
-0.227269396,-0.015397272
-0.230029762,-0.015500325
-0.232790112,-0.015603378
-0.236777291,-0.01570091
-0.239230946,-0.015800897
-0.242298007,-0.015893523
-0.245671779,-0.015981855
-0.24873884,-0.016073866
-0.251499206,-0.016165879
-0.254872978,-0.016267704
-0.258553445,-0.016357876
-0.2610071,-0.016452955
-0.264074147,-0.016541285
-0.267141223,-0.016635139
-0.270514995,-0.016725311
-0.273275346,-0.016813029
-0.276342422,-0.016901359
-0.278796077,-0.016982943
-0.282476544,-0.017072503
-0.285850316,-0.017147951
-0.288917363,-0.017236283
-0.291677743,-0.01731848
-0.295358211,-0.017404972
-0.297811866,-0.017489009
-0.301492333,-0.017571207
-0.304252684,-0.017647883
-0.30731976,-0.017717812
-0.310386807,-0.017798169
-0.313453883,-0.017869938
-0.316520929,-0.017950295
-0.31928131,-0.018033106
-0.322961777,-0.018109169
-0.324802011,-0.018138614
-0.327869087,-0.018212222
-0.330629438,-0.018285831
-0.333696485,-0.018359441
-0.337070256,-0.018426917
-0.340444028,-0.018500527
-0.343204409,-0.018568002
-0.346271455,-0.018647745
-0.349338531,-0.018709086
-0.352712303,-0.018776562
-0.35577935,-0.018844038
-0.358233005,-0.018911513
-0.361606777,-0.018978989
-0.364980549,-0.019052599
-0.368354321,-0.01910167
-0.370807976,-0.019181415
-0.374488443,-0.019242756
-0.377555519,-0.01931023
-0.380009145,-0.019377707
-0.383382916,-0.019408377
-0.386449993,-0.01948812
-0.39013046,-0.019555597
-0.392890811,-0.019623071
-0.395651191,-0.019684413
-0.399024963,-0.019758023
-0.40209201,-0.019800961
-0.405159086,-0.019862304
-0.408226132,-0.01991751
-0.411293209,-0.019978851
-0.414360255,-0.020052461
-0.417427331,-0.020101534
-0.420494378,-0.020156741
-0.423561454,-0.020211948
-0.426935226,-0.020261021
-0.429695576,-0.020316228
-0.433069348,-0.020377569
-0.436136425,-0.020426642
-0.438896775,-0.020487983
-0.441963822,-0.020537056
-0.445030898,-0.020604532
-0.448097974,-0.020641336
-0.451471746,-0.020696543
-0.454845488,-0.020739483
-0.457299143,-0.020806959
-0.460672915,-0.020849897
-0.464046687,-0.020911239
-0.466807038,-0.02096031
-0.469874114,-0.020990983
-0.473247886,-0.02104619
-0.476314932,-0.021095263
-0.479382008,-0.021138201
-0.48275578,-0.021205677
-0.485516131,-0.021248614
-0.488889903,-0.021297688
-0.491650254,-0.021346761
-0.49471733,-0.021401968
-0.498091102,-0.021426504
-0.501771569,-0.021475578
-0.504225194,-0.021530785
-0.507292271,-0.021579858
-0.510359347,-0.021622797
-0.513119698,-0.021678004
-0.516186774,-0.021720942
-0.519867241,-0.021770015
-0.522627592,-0.021806821
-0.525694668,-0.021855894
-0.528455019,-0.021892698
-0.531828821,-0.021947905
-0.534895837,-0.021990845
-0.537962914,-0.022021515
-0.54102999,-0.022088991
-0.54379034,-0.022131929
-0.547470808,-0.022168735
-0.550537884,-0.022211673
-0.55360496,-0.022254612
-0.556672037,-0.022303686
-0.56065917,-0.022346623
-0.563112855,-0.022389563
-0.566179931,-0.022426367
-0.569246948,-0.022481576
-0.571700633,-0.022536783
-0.574767709,-0.022585856
-0.578754842,-0.02262266
-0.581515193,-0.022659464
-0.584582269,-0.022708537
-0.587956071,-0.02275761
-0.590409696,-0.022812817
-0.593476772,-0.02286189
-0.596850514,-0.022917097
-0.599917591,-0.022941634
-0.603291392,-0.023002975
-0.605438292,-0.023058183
-0.608812094,-0.023101121
-0.612492561,-0.023162464
-0.615252912,-0.023199268
-0.618319988,-0.023254475
-0.62169373,-0.023309682
-0.625067532,-0.023352621
-0.628134608,-0.023413962
-0.630281508,-0.023456901
-0.633961976,-0.023512108
-0.636722386,-0.023567315
-0.639789402,-0.023616388
-0.643163204,-0.023659328
-0.646843672,-0.023720669
-0.649604023,-0.023769742
-0.652364373,-0.023831083
-0.655431449,-0.023874022
-0.658498526,-0.023941496
-0.661565602,-0.02399057
-0.665246069,-0.024045777
-0.668313086,-0.024100984
-0.670766771,-0.024143923
-0.674140513,-0.024211399
-0.677207589,-0.024260471
-0.680581391,-0.024309544
-0.683341742,-0.024370886
-0.686408818,-0.024426093
-0.689475834,-0.0244813
-0.692542911,-0.024536507
-0.695916712,-0.02458558
-0.698677063,-0.024653055
-0.70174408,-0.024714397
-0.704811156,-0.024769604
-0.708798349,-0.024818677
-0.710945308,-0.024867751
-0.714012384,-0.024941359
-0.717386127,-0.024996568
-0.720453203,-0.025064042
-0.723520279,-0.025113115
-0.72628063,-0.025180591
-0.729961097,-0.025248066
-0.732414722,-0.025297139
-0.735788524,-0.025358479
-0.739162266,-0.025425956
-0.741615951,-0.025475029
-0.744682968,-0.025548639
-0.748363495,-0.025609979
-0.751430511,-0.025665186
-0.754497588,-0.025720393
-0.757871389,-0.0257756
-0.760325015,-0.025843076
-0.763698816,-0.025904417
-0.766765833,-0.025971893
-0.770139635,-0.0260271
-0.773513377,-0.026094576
-0.776273727,-0.026162051
-0.779340804,-0.026235661
-0.781794488,-0.026303135
-0.784861505,-0.026358344
-0.788235307,-0.026425818
-0.791609049,-0.026474891
-0.7943694,-0.026542367
-0.797436476,-0.026597574
-0.801116943,-0.026677318
-0.803570628,-0.026726391
-0.80694437,-0.026793865
-0.810318172,-0.026855208
-0.813078523,-0.026922682
-0.815838873,-0.026990158
-0.819212615,-0.027051499
-0.822279692,-0.02711284
-0.825346768,-0.02718645
-0.828413844,-0.027247792
-0.831787586,-0.027309133
-0.835161388,-0.027376607
-0.837921739,-0.027450217
-0.840682089,-0.027511559
-0.843749166,-0.027566766
-0.847429633,-0.027634241
-0.850496709,-0.027707851
-0.854177177,-0.027756924
-0.856017411,-0.027836667
-0.859391153,-0.027898008
-0.862764955,-0.02795935
-0.865525305,-0.028026825
-0.868592381,-0.028088167
-0.871966124,-0.028155642
-0.875339866,-0.028229252
-0.878100276,-0.028284458
-0.881167293,-0.028358068
-0.884541094,-0.028413275
-0.887301445,-0.028493019
-0.890368521,-0.028560495
-0.893128872,-0.028627969
-0.896502614,-0.028683176
-0.899876416,-0.028750652
-0.902636766,-0.028818129
-0.905703843,-0.028879469
-0.909077585,-0.028953079
-0.911837935,-0.02901442
-0.915211737,-0.029094163
-0.918278754,-0.029143237
-0.921039164,-0.02922298
-0.925026298,-0.029290456
-0.927479982,-0.029357931
-0.930547059,-0.029443808
-0.933614075,-0.029499017
-0.936987877,-0.029572625
-0.940054953,-0.029646235
-0.94312197,-0.029713711
-0.94588238,-0.029768918
-0.949256122,-0.029842528
-0.952016473,-0.029916136
-0.955083549,-0.029983612
-0.958764017,-0.030044952
-0.961217642,-0.030106295
-0.964284718,-0.030186038
-0.96765852,-0.030247379
-0.971032262,-0.030314855
-0.973792613,-0.030376196
-0.976859689,-0.030449806
-0.979620039,-0.030523416
-0.982993841,-0.030584756
-0.986674309,-0.030652232
-0.989434659,-0.030719707
-0.99219501,-0.030805584
-0.995875478,-0.030854657
-0.998635828,-0.030928267
-1.001396179,-0.031008011
-1.004463315,-0.031069351
-1.007837057,-0.031130694
-1.010904074,-0.031185901
-1.013664484,-0.031259511
-1.017344952,-0.031326987
-1.020411968,-0.031400595
-1.023172379,-0.031468071
-1.026239395,-0.031535547
-1.029306531,-0.031609155
-1.032373548,-0.031695034
-1.035440564,-0.031762507
-1.038814425,-0.031836119
-1.041574717,-0.031915862
-1.044948459,-0.031983338
-1.04832232,-0.032050811
-1.051389337,-0.032118287
-1.053843021,-0.032185763
-1.057216763,-0.03228391
-1.06028378,-0.032351386
-1.063350916,-0.032418862
-1.066111207,-0.032486334
-1.069484949,-0.032572214
-1.07285881,-0.03263969
-1.075619102,-0.03270103
-1.078686237,-0.032780774
-1.081753254,-0.03284825
-1.084820271,-0.032921858
-1.088194132,-0.03299547
-1.090954423,-0.033087481
-1.094328165,-0.033148821
-1.097088575,-0.033222429
-1.100462317,-0.033296041
-1.103529453,-0.033381917
-1.10659647,-0.033437125
-1.109663486,-0.033516869
-1.112730622,-0.033602748
-1.116104364,-0.033664089
-1.119171381,-0.033743832
-1.122545242,-0.033811308
-1.124692202,-0.033903319
-1.128986001,-0.033976927
-1.131746411,-0.034050539
-1.134200096,-0.034148686
-1.137880564,-0.034210026
-1.14094758,-0.03428977
-1.144014597,-0.034357246
-1.146775007,-0.034443121
-1.149842024,-0.034522865
-1.153215885,-0.034602609
-1.155976176,-0.034688488
-1.158736587,-0.034749828
-1.162110329,-0.034847975
-1.165177345,-0.034927718
-1.168244481,-0.035013597
-1.171924949,-0.035099473
-1.17468524,-0.035179216
-1.178059101,-0.03525896
-1.180512667,-0.035350971
-1.183579803,-0.035424583
-1.18726027,-0.035510462
-1.189713836,-0.03561474
-1.193087697,-0.035694484
-1.196154714,-0.035786495
-1.199221849,-0.035878509
-1.202288866,-0.035964385
-1.205049157,-0.036025725
-1.208423018,-0.036111604
-1.211490035,-0.036191348
-1.214557052,-0.036283359
-1.217624187,-0.036363102
-1.220691204,-0.036461249
-1.224064946,-0.03655326
-1.226825356,-0.036639139
-1.229892373,-0.036718883
-1.232959509,-0.036810894
-1.236639977,-0.03690904
-1.239706993,-0.037007187
-1.242467403,-0.037093066
-1.246147871,-0.037197344
-1.248601556,-0.037283223
-1.251668572,-0.03738137
-1.254735589,-0.037467245
-1.25810945,-0.037626732
-1.261176467,-0.037731014
-1.263936877,-0.037829161
-1.266697168,-0.037933439
-1.27007091,-0.038019318
-1.273138046,-0.038117465
-1.276205063,-0.038227879
-1.279272199,-0.038332157
-1.282645941,-0.038436439
-1.285712957,-0.038540717
-1.288473368,-0.038644999
-1.291540384,-0.038743146
-1.29460752,-0.038847424
-1.297981262,-0.038951706
-1.30166173,-0.039055984
-1.303808689,-0.039166398
-1.306875706,-0.039282948
-1.310249448,-0.039374959
-1.313009858,-0.039491508
-1.3163836,-0.039601922
-1.319450617,-0.039712336
-1.322211027,-0.039828885
-1.325278044,-0.039945435
-1.328958631,-0.040037446
-1.332025647,-0.040135592
-1.335092664,-0.040258273
-1.337853074,-0.04038709
-1.341226816,-0.04050364
-1.344293833,-0.040607918
-1.347360969,-0.040724467
-1.350427985,-0.040841017
-1.353495121,-0.041012771
-1.356255412,-0.041147724
-1.359629154,-0.041270405
-1.363003016,-0.041380819
-1.365456581,-0.0415035
-1.368523717,-0.041583244
-1.371897459,-0.041730464
-1.374964476,-0.04185928
-1.378031611,-0.041994233
-1.380485296,-0.042159855
-1.384165764,-0.042270269
-1.38723278,-0.042442024
-1.390606523,-0.042570841
-1.393366933,-0.042711925
-1.396127224,-0.042846877
-1.39919436,-0.043018632
-1.402874827,-0.043208789
-1.405941844,-0.043362141
-1.40900898,-0.043540031
-1.412075996,-0.043693386
-1.414836287,-0.043852873
-1.418210149,-0.044000093
-1.420663714,-0.044184115
-1.424344301,-0.044349737
-1.427411318,-0.044521492
-1.431091785,-0.044717785
-1.43354547,-0.044889539
-1.436305761,-0.045073565
-1.439372897,-0.045226917
-1.442439914,-0.045398671
-1.44550693,-0.045576561
-1.448880792,-0.045772854
-1.451641083,-0.045993682
-1.455014825,-0.046177708
-1.457775235,-0.046386268
-1.460842252,-0.046564158
-1.464216113,-0.046815656
-1.46728313,-0.047036484
-1.47004354,-0.04731252
-1.473110557,-0.048809245
-1.475870967,-0.050526801
-1.478324533,-0.052287295
-1.481391668,-0.054066192
-1.483845234,-0.055832822
-1.48691237,-0.057550378
-1.489365935,-0.059249531
-1.492739797,-0.060954817
-1.495193362,-0.062678508
-1.498567224,-0.064389929
-1.501327515,-0.066082947
-1.504087925,-0.067800507
-1.506541491,-0.069505788
-1.508995175,-0.071223348
-1.512062311,-0.07287956
-1.514822602,-0.074554175
-1.517583013,-0.076216526
-1.520650029,-0.077885009
-1.523717046,-0.079504415
-1.526170731,-0.081136093
-1.529237866,-0.082792312
-1.531691432,-0.084374912
-1.534451842,-0.08601886
-1.537518859,-0.087601468
-1.540279269,-0.089233145
-1.543346286,-0.090828016
-1.545493245,-0.092453562
-1.549480438,-0.094042301
-1.551627398,-0.095698513
-1.554081082,-0.09726885
-1.557148099,-0.09885145
-1.560215116,-0.100446329
-1.562975526,-0.102053471
-1.566042542,-0.103666745
-1.568496227,-0.105267748
-1.571563244,-0.106838085
-1.574016929,-0.108383887
-1.577390671,-0.110040098
-1.579844356,-0.111604303
-1.582604766,-0.113162369
-1.585671782,-0.114757247
-1.588432193,-0.116315313
-1.591499209,-0.117885649
-1.593952894,-0.119437583
-1.596713185,-0.121038593
-1.599780321,-0.122547582
-1.602847338,-0.124117918
-1.605301023,-0.125626922
-1.608061314,-0.127184987
-1.611435056,-0.128743052
-1.614195466,-0.130270451
-1.617262483,-0.131791711
-1.619716167,-0.13331911
-1.622169852,-0.134895578
-1.624930143,-0.13644138
-1.627997279,-0.137974918
-1.631371021,-0.139569789
-1.633824706,-0.141103312
-1.635971665,-0.14264299
-1.639345407,-0.144207194
-1.642412424,-0.145691648
-1.64547956,-0.147163838
-1.647933125,-0.14866057
-1.651000261,-0.150200233
-1.654067278,-0.151739895
-1.656520963,-0.153285697
-1.659281254,-0.15477629
-1.66234839,-0.156254619
-1.665722132,-0.157837212
-1.667869091,-0.159340084
-1.671242833,-0.160904273
